,subjects_in_train,subjects_in_test,acc
0,"[2, 3, 4]","[5, 6, 7, 8, 9, 10, 11, 13, 14, 15, 16, 17]",0.5549805950840879
1,"[2, 3, 5]","[4, 6, 7, 8, 9, 10, 11, 13, 14, 15, 16, 17]",0.6177606177606177
2,"[2, 3, 6]","[4, 5, 7, 8, 9, 10, 11, 13, 14, 15, 16, 17]",0.6266149870801033
3,"[2, 3, 7]","[4, 5, 6, 8, 9, 10, 11, 13, 14, 15, 16, 17]",0.622568093385214
4,"[2, 3, 8]","[4, 5, 6, 7, 9, 10, 11, 13, 14, 15, 16, 17]",0.5549805950840879
5,"[2, 3, 9]","[4, 5, 6, 7, 8, 10, 11, 13, 14, 15, 16, 17]",0.6121919584954605
6,"[2, 3, 10]","[4, 5, 6, 7, 8, 9, 11, 13, 14, 15, 16, 17]",0.6912928759894459
7,"[2, 3, 11]","[4, 5, 6, 7, 8, 9, 10, 13, 14, 15, 16, 17]",0.6675358539765319
8,"[2, 3, 13]","[4, 5, 6, 7, 8, 9, 10, 11, 14, 15, 16, 17]",0.6972111553784861
9,"[2, 3, 14]","[4, 5, 6, 7, 8, 9, 10, 11, 13, 15, 16, 17]",0.6427656850192062
10,"[2, 3, 15]","[4, 5, 6, 7, 8, 9, 10, 11, 13, 14, 16, 17]",0.6365979381443299
11,"[2, 3, 16]","[4, 5, 6, 7, 8, 9, 10, 11, 13, 14, 15, 17]",0.6606683804627249
12,"[2, 3, 17]","[4, 5, 6, 7, 8, 9, 10, 11, 13, 14, 15, 16]",0.5441919191919192
13,"[2, 4, 5]","[3, 6, 7, 8, 9, 10, 11, 13, 14, 15, 16, 17]",0.6276041666666666
14,"[2, 4, 6]","[3, 5, 7, 8, 9, 10, 11, 13, 14, 15, 16, 17]",0.6130718954248366
15,"[2, 4, 7]","[3, 5, 6, 8, 9, 10, 11, 13, 14, 15, 16, 17]",0.6548556430446194
16,"[2, 4, 8]","[3, 5, 6, 7, 9, 10, 11, 13, 14, 15, 16, 17]",0.6191099476439791
17,"[2, 4, 9]","[3, 5, 6, 7, 8, 10, 11, 13, 14, 15, 16, 17]",0.6220472440944882
18,"[2, 4, 10]","[3, 5, 6, 7, 8, 9, 11, 13, 14, 15, 16, 17]",0.7129506008010681
19,"[2, 4, 11]","[3, 5, 6, 7, 8, 9, 10, 13, 14, 15, 16, 17]",0.6596306068601583
20,"[2, 4, 13]","[3, 5, 6, 7, 8, 9, 10, 11, 14, 15, 16, 17]",0.7056451612903226
21,"[2, 4, 14]","[3, 5, 6, 7, 8, 9, 10, 11, 13, 15, 16, 17]",0.6826424870466321
22,"[2, 4, 15]","[3, 5, 6, 7, 8, 9, 10, 11, 13, 14, 16, 17]",0.6558018252933507
23,"[2, 4, 16]","[3, 5, 6, 7, 8, 9, 10, 11, 13, 14, 15, 17]",0.647594278283485
24,"[2, 4, 17]","[3, 5, 6, 7, 8, 9, 10, 11, 13, 14, 15, 16]",0.5810983397190294
25,"[2, 5, 6]","[3, 4, 7, 8, 9, 10, 11, 13, 14, 15, 16, 17]",0.6436931079323797
26,"[2, 5, 7]","[3, 4, 6, 8, 9, 10, 11, 13, 14, 15, 16, 17]",0.6945169712793734
27,"[2, 5, 8]","[3, 4, 6, 7, 9, 10, 11, 13, 14, 15, 16, 17]",0.6809895833333334
28,"[2, 5, 9]","[3, 4, 6, 7, 8, 10, 11, 13, 14, 15, 16, 17]",0.6827676240208878
29,"[2, 5, 10]","[3, 4, 6, 7, 8, 9, 11, 13, 14, 15, 16, 17]",0.7277556440903055
30,"[2, 5, 11]","[3, 4, 6, 7, 8, 9, 10, 13, 14, 15, 16, 17]",0.6797900262467191
31,"[2, 5, 13]","[3, 4, 6, 7, 8, 9, 10, 11, 14, 15, 16, 17]",0.7245989304812834
32,"[2, 5, 14]","[3, 4, 6, 7, 8, 9, 10, 11, 13, 15, 16, 17]",0.6585051546391752
33,"[2, 5, 15]","[3, 4, 6, 7, 8, 9, 10, 11, 13, 14, 16, 17]",0.669260700389105
34,"[2, 5, 16]","[3, 4, 6, 7, 8, 9, 10, 11, 13, 14, 15, 17]",0.6584734799482536
35,"[2, 5, 17]","[3, 4, 6, 7, 8, 9, 10, 11, 13, 14, 15, 16]",0.602287166454892
36,"[2, 6, 7]","[3, 4, 5, 8, 9, 10, 11, 13, 14, 15, 16, 17]",0.6998689384010485
37,"[2, 6, 8]","[3, 4, 5, 7, 9, 10, 11, 13, 14, 15, 16, 17]",0.681045751633987
38,"[2, 6, 9]","[3, 4, 5, 7, 8, 10, 11, 13, 14, 15, 16, 17]",0.6775884665792923
39,"[2, 6, 10]","[3, 4, 5, 7, 8, 9, 11, 13, 14, 15, 16, 17]",0.7133333333333334
40,"[2, 6, 11]","[3, 4, 5, 7, 8, 9, 10, 13, 14, 15, 16, 17]",0.6982872200263505
41,"[2, 6, 13]","[3, 4, 5, 7, 8, 9, 10, 11, 14, 15, 16, 17]",0.6953020134228188
42,"[2, 6, 14]","[3, 4, 5, 7, 8, 9, 10, 11, 13, 15, 16, 17]",0.6959896507115135
43,"[2, 6, 15]","[3, 4, 5, 7, 8, 9, 10, 11, 13, 14, 16, 17]",0.6471354166666666
44,"[2, 6, 16]","[3, 4, 5, 7, 8, 9, 10, 11, 13, 14, 15, 17]",0.6753246753246753
45,"[2, 6, 17]","[3, 4, 5, 7, 8, 9, 10, 11, 13, 14, 15, 16]",0.6288265306122449
46,"[2, 7, 8]","[3, 4, 5, 6, 9, 10, 11, 13, 14, 15, 16, 17]",0.5918635170603674
47,"[2, 7, 9]","[3, 4, 5, 6, 8, 10, 11, 13, 14, 15, 16, 17]",0.6592105263157895
48,"[2, 7, 10]","[3, 4, 5, 6, 8, 9, 11, 13, 14, 15, 16, 17]",0.7603748326639893
49,"[2, 7, 11]","[3, 4, 5, 6, 8, 9, 10, 13, 14, 15, 16, 17]",0.7156084656084656
50,"[2, 7, 13]","[3, 4, 5, 6, 8, 9, 10, 11, 14, 15, 16, 17]",0.7264150943396226
51,"[2, 7, 14]","[3, 4, 5, 6, 8, 9, 10, 11, 13, 15, 16, 17]",0.6961038961038961
52,"[2, 7, 15]","[3, 4, 5, 6, 8, 9, 10, 11, 13, 14, 16, 17]",0.7084967320261438
53,"[2, 7, 16]","[3, 4, 5, 6, 8, 9, 10, 11, 13, 14, 15, 17]",0.6988265971316818
54,"[2, 7, 17]","[3, 4, 5, 6, 8, 9, 10, 11, 13, 14, 15, 16]",0.6197183098591549
55,"[2, 8, 9]","[3, 4, 5, 6, 7, 10, 11, 13, 14, 15, 16, 17]",0.6377952755905512
56,"[2, 8, 10]","[3, 4, 5, 6, 7, 9, 11, 13, 14, 15, 16, 17]",0.7610146862483311
57,"[2, 8, 11]","[3, 4, 5, 6, 7, 9, 10, 13, 14, 15, 16, 17]",0.7387862796833773
58,"[2, 8, 13]","[3, 4, 5, 6, 7, 9, 10, 11, 14, 15, 16, 17]",0.7338709677419355
59,"[2, 8, 14]","[3, 4, 5, 6, 7, 9, 10, 11, 13, 15, 16, 17]",0.6955958549222798
60,"[2, 8, 15]","[3, 4, 5, 6, 7, 9, 10, 11, 13, 14, 16, 17]",0.6962190352020861
61,"[2, 8, 16]","[3, 4, 5, 6, 7, 9, 10, 11, 13, 14, 15, 17]",0.6801040312093628
62,"[2, 8, 17]","[3, 4, 5, 6, 7, 9, 10, 11, 13, 14, 15, 16]",0.648786717752235
63,"[2, 9, 10]","[3, 4, 5, 6, 7, 8, 11, 13, 14, 15, 16, 17]",0.7108433734939759
64,"[2, 9, 11]","[3, 4, 5, 6, 7, 8, 10, 13, 14, 15, 16, 17]",0.6825396825396826
65,"[2, 9, 13]","[3, 4, 5, 6, 7, 8, 10, 11, 14, 15, 16, 17]",0.7021563342318059
66,"[2, 9, 14]","[3, 4, 5, 6, 7, 8, 10, 11, 13, 15, 16, 17]",0.6961038961038961
67,"[2, 9, 15]","[3, 4, 5, 6, 7, 8, 10, 11, 13, 14, 16, 17]",0.7006535947712418
68,"[2, 9, 16]","[3, 4, 5, 6, 7, 8, 10, 11, 13, 14, 15, 17]",0.6962190352020861
69,"[2, 9, 17]","[3, 4, 5, 6, 7, 8, 10, 11, 13, 14, 15, 16]",0.6325224071702945
70,"[2, 10, 11]","[3, 4, 5, 6, 7, 8, 9, 13, 14, 15, 16, 17]",0.7348586810228802
71,"[2, 10, 13]","[3, 4, 5, 6, 7, 8, 9, 11, 14, 15, 16, 17]",0.7407407407407407
72,"[2, 10, 14]","[3, 4, 5, 6, 7, 8, 9, 11, 13, 15, 16, 17]",0.7173051519154557
73,"[2, 10, 15]","[3, 4, 5, 6, 7, 8, 9, 11, 13, 14, 16, 17]",0.7566489361702128
74,"[2, 10, 16]","[3, 4, 5, 6, 7, 8, 9, 11, 13, 14, 15, 17]",0.7347480106100795
75,"[2, 10, 17]","[3, 4, 5, 6, 7, 8, 9, 11, 13, 14, 15, 16]",0.7005208333333334
76,"[2, 11, 13]","[3, 4, 5, 6, 7, 8, 9, 10, 14, 15, 16, 17]",0.7344173441734417
77,"[2, 11, 14]","[3, 4, 5, 6, 7, 8, 9, 10, 13, 15, 16, 17]",0.6879895561357703
78,"[2, 11, 15]","[3, 4, 5, 6, 7, 8, 9, 10, 13, 14, 16, 17]",0.7135348226018396
79,"[2, 11, 16]","[3, 4, 5, 6, 7, 8, 9, 10, 13, 14, 15, 17]",0.7300131061598951
80,"[2, 11, 17]","[3, 4, 5, 6, 7, 8, 9, 10, 13, 14, 15, 16]",0.6731016731016731
81,"[2, 13, 14]","[3, 4, 5, 6, 7, 8, 9, 10, 11, 15, 16, 17]",0.7406914893617021
82,"[2, 13, 15]","[3, 4, 5, 6, 7, 8, 9, 10, 11, 14, 16, 17]",0.6733601070950469
83,"[2, 13, 16]","[3, 4, 5, 6, 7, 8, 9, 10, 11, 14, 15, 17]",0.6862483311081442
84,"[2, 13, 17]","[3, 4, 5, 6, 7, 8, 9, 10, 11, 14, 15, 16]",0.7116644823066841
85,"[2, 14, 15]","[3, 4, 5, 6, 7, 8, 9, 10, 11, 13, 16, 17]",0.6812903225806451
86,"[2, 14, 16]","[3, 4, 5, 6, 7, 8, 9, 10, 11, 13, 15, 17]",0.6872586872586872
87,"[2, 14, 17]","[3, 4, 5, 6, 7, 8, 9, 10, 11, 13, 15, 16]",0.6333754740834386
88,"[2, 15, 16]","[3, 4, 5, 6, 7, 8, 9, 10, 11, 13, 14, 17]",0.6528497409326425
89,"[2, 15, 17]","[3, 4, 5, 6, 7, 8, 9, 10, 11, 13, 14, 16]",0.6513994910941476
90,"[2, 16, 17]","[3, 4, 5, 6, 7, 8, 9, 10, 11, 13, 14, 15]",0.5939086294416244
91,"[3, 4, 5]","[2, 6, 7, 8, 9, 10, 11, 13, 14, 15, 16, 17]",0.6869220607661823
92,"[3, 4, 6]","[2, 5, 7, 8, 9, 10, 11, 13, 14, 15, 16, 17]",0.6246684350132626
93,"[3, 4, 7]","[2, 5, 6, 8, 9, 10, 11, 13, 14, 15, 16, 17]",0.5699067909454061
94,"[3, 4, 8]","[2, 5, 6, 7, 9, 10, 11, 13, 14, 15, 16, 17]",0.5577689243027888
95,"[3, 4, 9]","[2, 5, 6, 7, 8, 10, 11, 13, 14, 15, 16, 17]",0.6165113182423435
96,"[3, 4, 10]","[2, 5, 6, 7, 8, 9, 11, 13, 14, 15, 16, 17]",0.6788617886178862
97,"[3, 4, 11]","[2, 5, 6, 7, 8, 9, 10, 13, 14, 15, 16, 17]",0.6198125836680054
98,"[3, 4, 13]","[2, 5, 6, 7, 8, 9, 10, 11, 14, 15, 16, 17]",0.7066848567530696
99,"[3, 4, 14]","[2, 5, 6, 7, 8, 9, 10, 11, 13, 15, 16, 17]",0.5860709592641261
100,"[3, 4, 15]","[2, 5, 6, 7, 8, 9, 10, 11, 13, 14, 16, 17]",0.6825396825396826
101,"[3, 4, 16]","[2, 5, 6, 7, 8, 9, 10, 11, 13, 14, 15, 17]",0.6503957783641161
102,"[3, 4, 17]","[2, 5, 6, 7, 8, 9, 10, 11, 13, 14, 15, 16]",0.555699481865285
103,"[3, 5, 6]","[2, 4, 7, 8, 9, 10, 11, 13, 14, 15, 16, 17]",0.6781002638522428
104,"[3, 5, 7]","[2, 4, 6, 8, 9, 10, 11, 13, 14, 15, 16, 17]",0.695364238410596
105,"[3, 5, 8]","[2, 4, 6, 7, 9, 10, 11, 13, 14, 15, 16, 17]",0.7107001321003963
106,"[3, 5, 9]","[2, 4, 6, 7, 8, 10, 11, 13, 14, 15, 16, 17]",0.7112582781456953
107,"[3, 5, 10]","[2, 4, 6, 7, 8, 9, 11, 13, 14, 15, 16, 17]",0.7264150943396226
108,"[3, 5, 11]","[2, 4, 6, 7, 8, 9, 10, 13, 14, 15, 16, 17]",0.7017310252996005
109,"[3, 5, 13]","[2, 4, 6, 7, 8, 9, 10, 11, 14, 15, 16, 17]",0.723202170963365
110,"[3, 5, 14]","[2, 4, 6, 7, 8, 9, 10, 11, 13, 15, 16, 17]",0.677124183006536
111,"[3, 5, 15]","[2, 4, 6, 7, 8, 9, 10, 11, 13, 14, 16, 17]",0.6815789473684211
112,"[3, 5, 16]","[2, 4, 6, 7, 8, 9, 10, 11, 13, 14, 15, 17]",0.6929133858267716
113,"[3, 5, 17]","[2, 4, 6, 7, 8, 9, 10, 11, 13, 14, 15, 16]",0.6533505154639175
114,"[3, 6, 7]","[2, 4, 5, 8, 9, 10, 11, 13, 14, 15, 16, 17]",0.6702127659574468
115,"[3, 6, 8]","[2, 4, 5, 7, 9, 10, 11, 13, 14, 15, 16, 17]",0.6684350132625995
116,"[3, 6, 9]","[2, 4, 5, 7, 8, 10, 11, 13, 14, 15, 16, 17]",0.6502659574468085
117,"[3, 6, 10]","[2, 4, 5, 7, 8, 9, 11, 13, 14, 15, 16, 17]",0.6820027063599459
118,"[3, 6, 11]","[2, 4, 5, 7, 8, 9, 10, 13, 14, 15, 16, 17]",0.7098930481283422
119,"[3, 6, 13]","[2, 4, 5, 7, 8, 9, 10, 11, 14, 15, 16, 17]",0.7125340599455041
120,"[3, 6, 14]","[2, 4, 5, 7, 8, 9, 10, 11, 13, 15, 16, 17]",0.7060367454068242
121,"[3, 6, 15]","[2, 4, 5, 7, 8, 9, 10, 11, 13, 14, 16, 17]",0.6710700132100397
122,"[3, 6, 16]","[2, 4, 5, 7, 8, 9, 10, 11, 13, 14, 15, 17]",0.6851119894598156
123,"[3, 6, 17]","[2, 4, 5, 7, 8, 9, 10, 11, 13, 14, 15, 16]",0.6494178525226391
124,"[3, 7, 8]","[2, 4, 5, 6, 9, 10, 11, 13, 14, 15, 16, 17]",0.521970705725699
125,"[3, 7, 9]","[2, 4, 5, 6, 8, 10, 11, 13, 14, 15, 16, 17]",0.6528704939919893
126,"[3, 7, 10]","[2, 4, 5, 6, 8, 9, 11, 13, 14, 15, 16, 17]",0.7024456521739131
127,"[3, 7, 11]","[2, 4, 5, 6, 8, 9, 10, 13, 14, 15, 16, 17]",0.7006711409395974
128,"[3, 7, 13]","[2, 4, 5, 6, 8, 9, 10, 11, 14, 15, 16, 17]",0.7482900136798906
129,"[3, 7, 14]","[2, 4, 5, 6, 8, 9, 10, 11, 13, 15, 16, 17]",0.6679841897233202
130,"[3, 7, 15]","[2, 4, 5, 6, 8, 9, 10, 11, 13, 14, 16, 17]",0.7029177718832891
131,"[3, 7, 16]","[2, 4, 5, 6, 8, 9, 10, 11, 13, 14, 15, 17]",0.6997354497354498
132,"[3, 7, 17]","[2, 4, 5, 6, 8, 9, 10, 11, 13, 14, 15, 16]",0.43116883116883115
133,"[3, 8, 9]","[2, 4, 5, 6, 7, 10, 11, 13, 14, 15, 16, 17]",0.6604527296937417
134,"[3, 8, 10]","[2, 4, 5, 6, 7, 9, 11, 13, 14, 15, 16, 17]",0.7235772357723578
135,"[3, 8, 11]","[2, 4, 5, 6, 7, 9, 10, 13, 14, 15, 16, 17]",0.7175368139223561
136,"[3, 8, 13]","[2, 4, 5, 6, 7, 9, 10, 11, 14, 15, 16, 17]",0.7448840381991815
137,"[3, 8, 14]","[2, 4, 5, 6, 7, 9, 10, 11, 13, 15, 16, 17]",0.6491458607095927
138,"[3, 8, 15]","[2, 4, 5, 6, 7, 9, 10, 11, 13, 14, 16, 17]",0.6917989417989417
139,"[3, 8, 16]","[2, 4, 5, 6, 7, 9, 10, 11, 13, 14, 15, 17]",0.7005277044854882
140,"[3, 8, 17]","[2, 4, 5, 6, 7, 9, 10, 11, 13, 14, 15, 16]",0.44689119170984454
141,"[3, 9, 10]","[2, 4, 5, 6, 7, 8, 11, 13, 14, 15, 16, 17]",0.6725543478260869
142,"[3, 9, 11]","[2, 4, 5, 6, 7, 8, 10, 13, 14, 15, 16, 17]",0.6724832214765101
143,"[3, 9, 13]","[2, 4, 5, 6, 7, 8, 10, 11, 14, 15, 16, 17]",0.7017783857729138
144,"[3, 9, 14]","[2, 4, 5, 6, 7, 8, 10, 11, 13, 15, 16, 17]",0.6613965744400527
145,"[3, 9, 15]","[2, 4, 5, 6, 7, 8, 10, 11, 13, 14, 16, 17]",0.6989389920424404
146,"[3, 9, 16]","[2, 4, 5, 6, 7, 8, 10, 11, 13, 14, 15, 17]",0.6957671957671958
147,"[3, 9, 17]","[2, 4, 5, 6, 7, 8, 10, 11, 13, 14, 15, 16]",0.6454545454545455
148,"[3, 10, 11]","[2, 4, 5, 6, 7, 8, 9, 13, 14, 15, 16, 17]",0.7377049180327869
149,"[3, 10, 13]","[2, 4, 5, 6, 7, 8, 9, 11, 14, 15, 16, 17]",0.7228412256267409
150,"[3, 10, 14]","[2, 4, 5, 6, 7, 8, 9, 11, 13, 15, 16, 17]",0.7131367292225201
151,"[3, 10, 15]","[2, 4, 5, 6, 7, 8, 9, 11, 13, 14, 16, 17]",0.7597840755735492
152,"[3, 10, 16]","[2, 4, 5, 6, 7, 8, 9, 11, 13, 14, 15, 17]",0.7012113055181696
153,"[3, 10, 17]","[2, 4, 5, 6, 7, 8, 9, 11, 13, 14, 15, 16]",0.6803170409511229
154,"[3, 11, 13]","[2, 4, 5, 6, 7, 8, 9, 10, 14, 15, 16, 17]",0.7400275103163686
155,"[3, 11, 14]","[2, 4, 5, 6, 7, 8, 9, 10, 13, 15, 16, 17]",0.6874172185430464
156,"[3, 11, 15]","[2, 4, 5, 6, 7, 8, 9, 10, 13, 14, 16, 17]",0.7653333333333333
157,"[3, 11, 16]","[2, 4, 5, 6, 7, 8, 9, 10, 13, 14, 15, 17]",0.7207446808510638
158,"[3, 11, 17]","[2, 4, 5, 6, 7, 8, 9, 10, 13, 14, 15, 16]",0.608355091383812
159,"[3, 13, 14]","[2, 4, 5, 6, 7, 8, 9, 10, 11, 15, 16, 17]",0.738191632928475
160,"[3, 13, 15]","[2, 4, 5, 6, 7, 8, 9, 10, 11, 14, 16, 17]",0.7065217391304348
161,"[3, 13, 16]","[2, 4, 5, 6, 7, 8, 9, 10, 11, 14, 15, 17]",0.7127371273712737
162,"[3, 13, 17]","[2, 4, 5, 6, 7, 8, 9, 10, 11, 14, 15, 16]",0.6848404255319149
163,"[3, 14, 15]","[2, 4, 5, 6, 7, 8, 9, 10, 11, 13, 16, 17]",0.7146596858638743
164,"[3, 14, 16]","[2, 4, 5, 6, 7, 8, 9, 10, 11, 13, 15, 17]",0.695822454308094
165,"[3, 14, 17]","[2, 4, 5, 6, 7, 8, 9, 10, 11, 13, 15, 16]",0.4948717948717949
166,"[3, 15, 16]","[2, 4, 5, 6, 7, 8, 9, 10, 11, 13, 14, 17]",0.6727989487516426
167,"[3, 15, 17]","[2, 4, 5, 6, 7, 8, 9, 10, 11, 13, 14, 16]",0.6696774193548387
168,"[3, 16, 17]","[2, 4, 5, 6, 7, 8, 9, 10, 11, 13, 14, 15]",0.6229086229086229
169,"[4, 5, 6]","[2, 3, 7, 8, 9, 10, 11, 13, 14, 15, 16, 17]",0.6755674232309746
170,"[4, 5, 7]","[2, 3, 6, 8, 9, 10, 11, 13, 14, 15, 16, 17]",0.710455764075067
171,"[4, 5, 8]","[2, 3, 6, 7, 9, 10, 11, 13, 14, 15, 16, 17]",0.7045454545454546
172,"[4, 5, 9]","[2, 3, 6, 7, 8, 10, 11, 13, 14, 15, 16, 17]",0.6903485254691689
173,"[4, 5, 10]","[2, 3, 6, 7, 8, 9, 11, 13, 14, 15, 16, 17]",0.6984993178717599
174,"[4, 5, 11]","[2, 3, 6, 7, 8, 9, 10, 13, 14, 15, 16, 17]",0.6792452830188679
175,"[4, 5, 13]","[2, 3, 6, 7, 8, 9, 10, 11, 14, 15, 16, 17]",0.7046703296703297
176,"[4, 5, 14]","[2, 3, 6, 7, 8, 9, 10, 11, 13, 15, 16, 17]",0.6812169312169312
177,"[4, 5, 15]","[2, 3, 6, 7, 8, 9, 10, 11, 13, 14, 16, 17]",0.681757656458056
178,"[4, 5, 16]","[2, 3, 6, 7, 8, 9, 10, 11, 13, 14, 15, 17]",0.6666666666666666
179,"[4, 5, 17]","[2, 3, 6, 7, 8, 9, 10, 11, 13, 14, 15, 16]",0.6688396349413298
180,"[4, 6, 7]","[2, 3, 5, 8, 9, 10, 11, 13, 14, 15, 16, 17]",0.6783310901749664
181,"[4, 6, 8]","[2, 3, 5, 7, 9, 10, 11, 13, 14, 15, 16, 17]",0.6657718120805369
182,"[4, 6, 9]","[2, 3, 5, 7, 8, 10, 11, 13, 14, 15, 16, 17]",0.648721399730821
183,"[4, 6, 10]","[2, 3, 5, 7, 8, 9, 11, 13, 14, 15, 16, 17]",0.673972602739726
184,"[4, 6, 11]","[2, 3, 5, 7, 8, 9, 10, 13, 14, 15, 16, 17]",0.6901217861975643
185,"[4, 6, 13]","[2, 3, 5, 7, 8, 9, 10, 11, 14, 15, 16, 17]",0.6717241379310345
186,"[4, 6, 14]","[2, 3, 5, 7, 8, 9, 10, 11, 13, 15, 16, 17]",0.6733067729083665
187,"[4, 6, 15]","[2, 3, 5, 7, 8, 9, 10, 11, 13, 14, 16, 17]",0.6497326203208557
188,"[4, 6, 16]","[2, 3, 5, 7, 8, 9, 10, 11, 13, 14, 15, 17]",0.6613333333333333
189,"[4, 6, 17]","[2, 3, 5, 7, 8, 9, 10, 11, 13, 14, 15, 16]",0.6387434554973822
190,"[4, 7, 8]","[2, 3, 5, 6, 9, 10, 11, 13, 14, 15, 16, 17]",0.5929919137466307
191,"[4, 7, 9]","[2, 3, 5, 6, 8, 10, 11, 13, 14, 15, 16, 17]",0.6891891891891891
192,"[4, 7, 10]","[2, 3, 5, 6, 8, 9, 11, 13, 14, 15, 16, 17]",0.7235213204951857
193,"[4, 7, 11]","[2, 3, 5, 6, 8, 9, 10, 13, 14, 15, 16, 17]",0.6453804347826086
194,"[4, 7, 13]","[2, 3, 5, 6, 8, 9, 10, 11, 14, 15, 16, 17]",0.7409972299168975
195,"[4, 7, 14]","[2, 3, 5, 6, 8, 9, 10, 11, 13, 15, 16, 17]",0.6266666666666667
196,"[4, 7, 15]","[2, 3, 5, 6, 8, 9, 10, 11, 13, 14, 16, 17]",0.7315436241610739
197,"[4, 7, 16]","[2, 3, 5, 6, 8, 9, 10, 11, 13, 14, 15, 17]",0.7028112449799196
198,"[4, 7, 17]","[2, 3, 5, 6, 8, 9, 10, 11, 13, 14, 15, 16]",0.5663600525624178
199,"[4, 8, 9]","[2, 3, 5, 6, 7, 10, 11, 13, 14, 15, 16, 17]",0.6738544474393531
200,"[4, 8, 10]","[2, 3, 5, 6, 7, 9, 11, 13, 14, 15, 16, 17]",0.7366255144032922
201,"[4, 8, 11]","[2, 3, 5, 6, 7, 9, 10, 13, 14, 15, 16, 17]",0.6544715447154471
202,"[4, 8, 13]","[2, 3, 5, 6, 7, 9, 10, 11, 14, 15, 16, 17]",0.7403314917127072
203,"[4, 8, 14]","[2, 3, 5, 6, 7, 9, 10, 11, 13, 15, 16, 17]",0.6396276595744681
204,"[4, 8, 15]","[2, 3, 5, 6, 7, 9, 10, 11, 13, 14, 16, 17]",0.6961178045515395
205,"[4, 8, 16]","[2, 3, 5, 6, 7, 9, 10, 11, 13, 14, 15, 17]",0.6955941255006676
206,"[4, 8, 17]","[2, 3, 5, 6, 7, 9, 10, 11, 13, 14, 15, 16]",0.581913499344692
207,"[4, 9, 10]","[2, 3, 5, 6, 7, 8, 11, 13, 14, 15, 16, 17]",0.6629986244841816
208,"[4, 9, 11]","[2, 3, 5, 6, 7, 8, 10, 13, 14, 15, 16, 17]",0.6739130434782609
209,"[4, 9, 13]","[2, 3, 5, 6, 7, 8, 10, 11, 14, 15, 16, 17]",0.685595567867036
210,"[4, 9, 14]","[2, 3, 5, 6, 7, 8, 10, 11, 13, 15, 16, 17]",0.6426666666666667
211,"[4, 9, 15]","[2, 3, 5, 6, 7, 8, 10, 11, 13, 14, 16, 17]",0.6590604026845638
212,"[4, 9, 16]","[2, 3, 5, 6, 7, 8, 10, 11, 13, 14, 15, 17]",0.6506024096385542
213,"[4, 9, 17]","[2, 3, 5, 6, 7, 8, 10, 11, 13, 14, 15, 16]",0.6241787122207622
214,"[4, 10, 11]","[2, 3, 5, 6, 7, 8, 9, 13, 14, 15, 16, 17]",0.6874135546334716
215,"[4, 10, 13]","[2, 3, 5, 6, 7, 8, 9, 11, 14, 15, 16, 17]",0.7235543018335684
216,"[4, 10, 14]","[2, 3, 5, 6, 7, 8, 9, 11, 13, 15, 16, 17]",0.6743554952510177
217,"[4, 10, 15]","[2, 3, 5, 6, 7, 8, 9, 11, 13, 14, 16, 17]",0.73224043715847
218,"[4, 10, 16]","[2, 3, 5, 6, 7, 8, 9, 11, 13, 14, 15, 17]",0.6771117166212534
219,"[4, 10, 17]","[2, 3, 5, 6, 7, 8, 9, 11, 13, 14, 15, 16]",0.6711229946524064
220,"[4, 11, 13]","[2, 3, 5, 6, 7, 8, 9, 10, 14, 15, 16, 17]",0.6796657381615598
221,"[4, 11, 14]","[2, 3, 5, 6, 7, 8, 9, 10, 13, 15, 16, 17]",0.6152815013404825
222,"[4, 11, 15]","[2, 3, 5, 6, 7, 8, 9, 10, 13, 14, 16, 17]",0.7071524966261808
223,"[4, 11, 16]","[2, 3, 5, 6, 7, 8, 9, 10, 13, 14, 15, 17]",0.702557200538358
224,"[4, 11, 17]","[2, 3, 5, 6, 7, 8, 9, 10, 13, 14, 15, 16]",0.6129458388375165
225,"[4, 13, 14]","[2, 3, 5, 6, 7, 8, 9, 10, 11, 15, 16, 17]",0.703551912568306
226,"[4, 13, 15]","[2, 3, 5, 6, 7, 8, 9, 10, 11, 14, 16, 17]",0.6960110041265475
227,"[4, 13, 16]","[2, 3, 5, 6, 7, 8, 9, 10, 11, 14, 15, 17]",0.6844993141289437
228,"[4, 13, 17]","[2, 3, 5, 6, 7, 8, 9, 10, 11, 14, 15, 16]",0.7160161507402423
229,"[4, 14, 15]","[2, 3, 5, 6, 7, 8, 9, 10, 11, 13, 16, 17]",0.7033112582781457
230,"[4, 14, 16]","[2, 3, 5, 6, 7, 8, 9, 10, 11, 13, 15, 17]",0.6710700132100397
231,"[4, 14, 17]","[2, 3, 5, 6, 7, 8, 9, 10, 11, 13, 15, 16]",0.6083009079118028
232,"[4, 15, 16]","[2, 3, 5, 6, 7, 8, 9, 10, 11, 13, 14, 17]",0.660904255319149
233,"[4, 15, 17]","[2, 3, 5, 6, 7, 8, 9, 10, 11, 13, 14, 16]",0.7036553524804178
234,"[4, 16, 17]","[2, 3, 5, 6, 7, 8, 9, 10, 11, 13, 14, 15]",0.6419270833333334
235,"[5, 6, 7]","[2, 3, 4, 8, 9, 10, 11, 13, 14, 15, 16, 17]",0.6894243641231593
236,"[5, 6, 8]","[2, 3, 4, 7, 9, 10, 11, 13, 14, 15, 16, 17]",0.7089452603471295
237,"[5, 6, 9]","[2, 3, 4, 7, 8, 10, 11, 13, 14, 15, 16, 17]",0.7001338688085676
238,"[5, 6, 10]","[2, 3, 4, 7, 8, 9, 11, 13, 14, 15, 16, 17]",0.6989100817438693
239,"[5, 6, 11]","[2, 3, 4, 7, 8, 9, 10, 13, 14, 15, 16, 17]",0.7065948855989233
240,"[5, 6, 13]","[2, 3, 4, 7, 8, 9, 10, 11, 14, 15, 16, 17]",0.700960219478738
241,"[5, 6, 14]","[2, 3, 4, 7, 8, 9, 10, 11, 13, 15, 16, 17]",0.6856010568031704
242,"[5, 6, 15]","[2, 3, 4, 7, 8, 9, 10, 11, 13, 14, 16, 17]",0.6622340425531915
243,"[5, 6, 16]","[2, 3, 4, 7, 8, 9, 10, 11, 13, 14, 15, 17]",0.6843501326259946
244,"[5, 6, 17]","[2, 3, 4, 7, 8, 9, 10, 11, 13, 14, 15, 16]",0.6666666666666666
245,"[5, 7, 8]","[2, 3, 4, 6, 9, 10, 11, 13, 14, 15, 16, 17]",0.710455764075067
246,"[5, 7, 9]","[2, 3, 4, 6, 8, 10, 11, 13, 14, 15, 16, 17]",0.7029569892473119
247,"[5, 7, 10]","[2, 3, 4, 6, 8, 9, 11, 13, 14, 15, 16, 17]",0.7277701778385773
248,"[5, 7, 11]","[2, 3, 4, 6, 8, 9, 10, 13, 14, 15, 16, 17]",0.7027027027027027
249,"[5, 7, 13]","[2, 3, 4, 6, 8, 9, 10, 11, 14, 15, 16, 17]",0.7465564738292011
250,"[5, 7, 14]","[2, 3, 4, 6, 8, 9, 10, 11, 13, 15, 16, 17]",0.7029177718832891
251,"[5, 7, 15]","[2, 3, 4, 6, 8, 9, 10, 11, 13, 14, 16, 17]",0.7102803738317757
252,"[5, 7, 16]","[2, 3, 4, 6, 8, 9, 10, 11, 13, 14, 15, 17]",0.7190412782956058
253,"[5, 7, 17]","[2, 3, 4, 6, 8, 9, 10, 11, 13, 14, 15, 16]",0.6758169934640523
254,"[5, 8, 9]","[2, 3, 4, 6, 7, 10, 11, 13, 14, 15, 16, 17]",0.7265415549597856
255,"[5, 8, 10]","[2, 3, 4, 6, 7, 9, 11, 13, 14, 15, 16, 17]",0.7435197817189632
256,"[5, 8, 11]","[2, 3, 4, 6, 7, 9, 10, 13, 14, 15, 16, 17]",0.7169811320754716
257,"[5, 8, 13]","[2, 3, 4, 6, 7, 9, 10, 11, 14, 15, 16, 17]",0.7554945054945055
258,"[5, 8, 14]","[2, 3, 4, 6, 7, 9, 10, 11, 13, 15, 16, 17]",0.7208994708994709
259,"[5, 8, 15]","[2, 3, 4, 6, 7, 9, 10, 11, 13, 14, 16, 17]",0.7003994673768309
260,"[5, 8, 16]","[2, 3, 4, 6, 7, 9, 10, 11, 13, 14, 15, 17]",0.7304116865869854
261,"[5, 8, 17]","[2, 3, 4, 6, 7, 9, 10, 11, 13, 14, 15, 16]",0.7040417209908736
262,"[5, 9, 10]","[2, 3, 4, 6, 7, 8, 11, 13, 14, 15, 16, 17]",0.7113543091655267
263,"[5, 9, 11]","[2, 3, 4, 6, 7, 8, 10, 13, 14, 15, 16, 17]",0.6932432432432433
264,"[5, 9, 13]","[2, 3, 4, 6, 7, 8, 10, 11, 14, 15, 16, 17]",0.7107438016528925
265,"[5, 9, 14]","[2, 3, 4, 6, 7, 8, 10, 11, 13, 15, 16, 17]",0.7015915119363395
266,"[5, 9, 15]","[2, 3, 4, 6, 7, 8, 10, 11, 13, 14, 16, 17]",0.6902536715620827
267,"[5, 9, 16]","[2, 3, 4, 6, 7, 8, 10, 11, 13, 14, 15, 17]",0.7163781624500666
268,"[5, 9, 17]","[2, 3, 4, 6, 7, 8, 10, 11, 13, 14, 15, 16]",0.6862745098039216
269,"[5, 10, 11]","[2, 3, 4, 6, 7, 8, 9, 13, 14, 15, 16, 17]",0.7138927097661623
270,"[5, 10, 13]","[2, 3, 4, 6, 7, 8, 9, 11, 14, 15, 16, 17]",0.7251051893408135
271,"[5, 10, 14]","[2, 3, 4, 6, 7, 8, 9, 11, 13, 15, 16, 17]",0.7031039136302294
272,"[5, 10, 15]","[2, 3, 4, 6, 7, 8, 9, 11, 13, 14, 16, 17]",0.7296195652173914
273,"[5, 10, 16]","[2, 3, 4, 6, 7, 8, 9, 11, 13, 14, 15, 17]",0.7154471544715447
274,"[5, 10, 17]","[2, 3, 4, 6, 7, 8, 9, 11, 13, 14, 15, 16]",0.7247340425531915
275,"[5, 11, 13]","[2, 3, 4, 6, 7, 8, 9, 10, 14, 15, 16, 17]",0.6966759002770083
276,"[5, 11, 14]","[2, 3, 4, 6, 7, 8, 9, 10, 13, 15, 16, 17]",0.6733333333333333
277,"[5, 11, 15]","[2, 3, 4, 6, 7, 8, 9, 10, 13, 14, 16, 17]",0.6953020134228188
278,"[5, 11, 16]","[2, 3, 4, 6, 7, 8, 9, 10, 13, 14, 15, 17]",0.7121820615796519
279,"[5, 11, 17]","[2, 3, 4, 6, 7, 8, 9, 10, 13, 14, 15, 16]",0.6767411300919842
280,"[5, 13, 14]","[2, 3, 4, 6, 7, 8, 9, 10, 11, 15, 16, 17]",0.6942934782608695
281,"[5, 13, 15]","[2, 3, 4, 6, 7, 8, 9, 10, 11, 14, 16, 17]",0.6922024623803009
282,"[5, 13, 16]","[2, 3, 4, 6, 7, 8, 9, 10, 11, 14, 15, 17]",0.7053206002728513
283,"[5, 13, 17]","[2, 3, 4, 6, 7, 8, 9, 10, 11, 14, 15, 16]",0.7228915662650602
284,"[5, 14, 15]","[2, 3, 4, 6, 7, 8, 9, 10, 11, 13, 16, 17]",0.6574440052700923
285,"[5, 14, 16]","[2, 3, 4, 6, 7, 8, 9, 10, 11, 13, 15, 17]",0.671484888304862
286,"[5, 14, 17]","[2, 3, 4, 6, 7, 8, 9, 10, 11, 13, 15, 16]",0.6670967741935484
287,"[5, 15, 16]","[2, 3, 4, 6, 7, 8, 9, 10, 11, 13, 14, 17]",0.6865079365079365
288,"[5, 15, 17]","[2, 3, 4, 6, 7, 8, 9, 10, 11, 13, 14, 16]",0.6896103896103896
289,"[5, 16, 17]","[2, 3, 4, 6, 7, 8, 9, 10, 11, 13, 14, 15]",0.6683937823834197
290,"[6, 7, 8]","[2, 3, 4, 5, 9, 10, 11, 13, 14, 15, 16, 17]",0.7052489905787349
291,"[6, 7, 9]","[2, 3, 4, 5, 8, 10, 11, 13, 14, 15, 16, 17]",0.6707152496626181
292,"[6, 7, 10]","[2, 3, 4, 5, 8, 9, 11, 13, 14, 15, 16, 17]",0.7197802197802198
293,"[6, 7, 11]","[2, 3, 4, 5, 8, 9, 10, 13, 14, 15, 16, 17]",0.7354138398914518
294,"[6, 7, 13]","[2, 3, 4, 5, 8, 9, 10, 11, 14, 15, 16, 17]",0.7247579529737206
295,"[6, 7, 14]","[2, 3, 4, 5, 8, 9, 10, 11, 13, 15, 16, 17]",0.7190412782956058
296,"[6, 7, 15]","[2, 3, 4, 5, 8, 9, 10, 11, 13, 14, 16, 17]",0.7064343163538874
297,"[6, 7, 16]","[2, 3, 4, 5, 8, 9, 10, 11, 13, 14, 15, 17]",0.713903743315508
298,"[6, 7, 17]","[2, 3, 4, 5, 8, 9, 10, 11, 13, 14, 15, 16]",0.6837270341207349
299,"[6, 8, 9]","[2, 3, 4, 5, 7, 10, 11, 13, 14, 15, 16, 17]",0.6823687752355316
300,"[6, 8, 10]","[2, 3, 4, 5, 7, 9, 11, 13, 14, 15, 16, 17]",0.726027397260274
301,"[6, 8, 11]","[2, 3, 4, 5, 7, 9, 10, 13, 14, 15, 16, 17]",0.7483085250338295
302,"[6, 8, 13]","[2, 3, 4, 5, 7, 9, 10, 11, 14, 15, 16, 17]",0.713103448275862
303,"[6, 8, 14]","[2, 3, 4, 5, 7, 9, 10, 11, 13, 15, 16, 17]",0.7330677290836654
304,"[6, 8, 15]","[2, 3, 4, 5, 7, 9, 10, 11, 13, 14, 16, 17]",0.6764705882352942
305,"[6, 8, 16]","[2, 3, 4, 5, 7, 9, 10, 11, 13, 14, 15, 17]",0.72
306,"[6, 8, 17]","[2, 3, 4, 5, 7, 9, 10, 11, 13, 14, 15, 16]",0.7146596858638743
307,"[6, 9, 10]","[2, 3, 4, 5, 7, 8, 11, 13, 14, 15, 16, 17]",0.6675824175824175
308,"[6, 9, 11]","[2, 3, 4, 5, 7, 8, 10, 13, 14, 15, 16, 17]",0.689280868385346
309,"[6, 9, 13]","[2, 3, 4, 5, 7, 8, 10, 11, 14, 15, 16, 17]",0.6887966804979253
310,"[6, 9, 14]","[2, 3, 4, 5, 7, 8, 10, 11, 13, 15, 16, 17]",0.6897470039946738
311,"[6, 9, 15]","[2, 3, 4, 5, 7, 8, 10, 11, 13, 14, 16, 17]",0.660857908847185
312,"[6, 9, 16]","[2, 3, 4, 5, 7, 8, 10, 11, 13, 14, 15, 17]",0.6778074866310161
313,"[6, 9, 17]","[2, 3, 4, 5, 7, 8, 10, 11, 13, 14, 15, 16]",0.6561679790026247
314,"[6, 10, 11]","[2, 3, 4, 5, 7, 8, 9, 13, 14, 15, 16, 17]",0.7058011049723757
315,"[6, 10, 13]","[2, 3, 4, 5, 7, 8, 9, 11, 14, 15, 16, 17]",0.6957746478873239
316,"[6, 10, 14]","[2, 3, 4, 5, 7, 8, 9, 11, 13, 15, 16, 17]",0.7113821138211383
317,"[6, 10, 15]","[2, 3, 4, 5, 7, 8, 9, 11, 13, 14, 16, 17]",0.6984993178717599
318,"[6, 10, 16]","[2, 3, 4, 5, 7, 8, 9, 11, 13, 14, 15, 17]",0.7074829931972789
319,"[6, 10, 17]","[2, 3, 4, 5, 7, 8, 9, 11, 13, 14, 15, 16]",0.7036048064085447
320,"[6, 11, 13]","[2, 3, 4, 5, 7, 8, 9, 10, 14, 15, 16, 17]",0.7385257301808067
321,"[6, 11, 14]","[2, 3, 4, 5, 7, 8, 9, 10, 13, 15, 16, 17]",0.713520749665328
322,"[6, 11, 15]","[2, 3, 4, 5, 7, 8, 9, 10, 13, 14, 16, 17]",0.7196765498652291
323,"[6, 11, 16]","[2, 3, 4, 5, 7, 8, 9, 10, 13, 14, 15, 17]",0.7298387096774194
324,"[6, 11, 17]","[2, 3, 4, 5, 7, 8, 9, 10, 13, 14, 15, 16]",0.712401055408971
325,"[6, 13, 14]","[2, 3, 4, 5, 7, 8, 9, 10, 11, 15, 16, 17]",0.7148703956343793
326,"[6, 13, 15]","[2, 3, 4, 5, 7, 8, 9, 10, 11, 14, 16, 17]",0.6771978021978022
327,"[6, 13, 16]","[2, 3, 4, 5, 7, 8, 9, 10, 11, 14, 15, 17]",0.7013698630136986
328,"[6, 13, 17]","[2, 3, 4, 5, 7, 8, 9, 10, 11, 14, 15, 16]",0.7110215053763441
329,"[6, 14, 15]","[2, 3, 4, 5, 7, 8, 9, 10, 11, 13, 16, 17]",0.6825396825396826
330,"[6, 14, 16]","[2, 3, 4, 5, 7, 8, 9, 10, 11, 13, 15, 17]",0.6978891820580475
331,"[6, 14, 17]","[2, 3, 4, 5, 7, 8, 9, 10, 11, 13, 15, 16]",0.6994818652849741
332,"[6, 15, 16]","[2, 3, 4, 5, 7, 8, 9, 10, 11, 13, 14, 17]",0.6573705179282868
333,"[6, 15, 17]","[2, 3, 4, 5, 7, 8, 9, 10, 11, 13, 14, 16]",0.6792698826597132
334,"[6, 16, 17]","[2, 3, 4, 5, 7, 8, 9, 10, 11, 13, 14, 15]",0.6840052015604682
335,"[7, 8, 9]","[2, 3, 4, 5, 6, 10, 11, 13, 14, 15, 16, 17]",0.6932432432432433
336,"[7, 8, 10]","[2, 3, 4, 5, 6, 9, 11, 13, 14, 15, 16, 17]",0.734525447042641
337,"[7, 8, 11]","[2, 3, 4, 5, 6, 9, 10, 13, 14, 15, 16, 17]",0.6807065217391305
338,"[7, 8, 13]","[2, 3, 4, 5, 6, 9, 10, 11, 14, 15, 16, 17]",0.7354570637119113
339,"[7, 8, 14]","[2, 3, 4, 5, 6, 9, 10, 11, 13, 15, 16, 17]",0.6546666666666666
340,"[7, 8, 15]","[2, 3, 4, 5, 6, 9, 10, 11, 13, 14, 16, 17]",0.6563758389261745
341,"[7, 8, 16]","[2, 3, 4, 5, 6, 9, 10, 11, 13, 14, 15, 17]",0.6693440428380187
342,"[7, 8, 17]","[2, 3, 4, 5, 6, 9, 10, 11, 13, 14, 15, 16]",0.5203679369250985
343,"[7, 9, 10]","[2, 3, 4, 5, 6, 8, 11, 13, 14, 15, 16, 17]",0.7062068965517241
344,"[7, 9, 11]","[2, 3, 4, 5, 6, 8, 10, 13, 14, 15, 16, 17]",0.7043596730245232
345,"[7, 9, 13]","[2, 3, 4, 5, 6, 8, 10, 11, 14, 15, 16, 17]",0.7013888888888888
346,"[7, 9, 14]","[2, 3, 4, 5, 6, 8, 10, 11, 13, 15, 16, 17]",0.6764705882352942
347,"[7, 9, 15]","[2, 3, 4, 5, 6, 8, 10, 11, 13, 14, 16, 17]",0.6783310901749664
348,"[7, 9, 16]","[2, 3, 4, 5, 6, 8, 10, 11, 13, 14, 15, 17]",0.723489932885906
349,"[7, 9, 17]","[2, 3, 4, 5, 6, 8, 10, 11, 13, 14, 15, 16]",0.6376811594202898
350,"[7, 10, 11]","[2, 3, 4, 5, 6, 8, 9, 13, 14, 15, 16, 17]",0.7461858529819695
351,"[7, 10, 13]","[2, 3, 4, 5, 6, 8, 9, 11, 14, 15, 16, 17]",0.7411598302687411
352,"[7, 10, 14]","[2, 3, 4, 5, 6, 8, 9, 11, 13, 15, 16, 17]",0.7156462585034014
353,"[7, 10, 15]","[2, 3, 4, 5, 6, 8, 9, 11, 13, 14, 16, 17]",0.7246575342465753
354,"[7, 10, 16]","[2, 3, 4, 5, 6, 8, 9, 11, 13, 14, 15, 17]",0.7404371584699454
355,"[7, 10, 17]","[2, 3, 4, 5, 6, 8, 9, 11, 13, 14, 15, 16]",0.7091152815013405
356,"[7, 11, 13]","[2, 3, 4, 5, 6, 8, 9, 10, 14, 15, 16, 17]",0.7402234636871509
357,"[7, 11, 14]","[2, 3, 4, 5, 6, 8, 9, 10, 13, 15, 16, 17]",0.6720430107526881
358,"[7, 11, 15]","[2, 3, 4, 5, 6, 8, 9, 10, 13, 14, 16, 17]",0.7307171853856563
359,"[7, 11, 16]","[2, 3, 4, 5, 6, 8, 9, 10, 13, 14, 15, 17]",0.7354925775978407
360,"[7, 11, 17]","[2, 3, 4, 5, 6, 8, 9, 10, 13, 14, 15, 16]",0.6675496688741722
361,"[7, 13, 14]","[2, 3, 4, 5, 6, 8, 9, 10, 11, 15, 16, 17]",0.7643835616438356
362,"[7, 13, 15]","[2, 3, 4, 5, 6, 8, 9, 10, 11, 14, 16, 17]",0.7089655172413794
363,"[7, 13, 16]","[2, 3, 4, 5, 6, 8, 9, 10, 11, 14, 15, 17]",0.7152682255845942
364,"[7, 13, 17]","[2, 3, 4, 5, 6, 8, 9, 10, 11, 14, 15, 16]",0.7206477732793523
365,"[7, 14, 15]","[2, 3, 4, 5, 6, 8, 9, 10, 11, 13, 16, 17]",0.6972111553784861
366,"[7, 14, 16]","[2, 3, 4, 5, 6, 8, 9, 10, 11, 13, 15, 17]",0.7218543046357616
367,"[7, 14, 17]","[2, 3, 4, 5, 6, 8, 9, 10, 11, 13, 15, 16]",0.6098829648894668
368,"[7, 15, 16]","[2, 3, 4, 5, 6, 8, 9, 10, 11, 13, 14, 17]",0.684
369,"[7, 15, 17]","[2, 3, 4, 5, 6, 8, 9, 10, 11, 13, 14, 16]",0.7015706806282722
370,"[7, 16, 17]","[2, 3, 4, 5, 6, 8, 9, 10, 11, 13, 14, 15]",0.6227154046997389
371,"[8, 9, 10]","[2, 3, 4, 5, 6, 7, 11, 13, 14, 15, 16, 17]",0.7317744154057771
372,"[8, 9, 11]","[2, 3, 4, 5, 6, 7, 10, 13, 14, 15, 16, 17]",0.71875
373,"[8, 9, 13]","[2, 3, 4, 5, 6, 7, 10, 11, 14, 15, 16, 17]",0.7202216066481995
374,"[8, 9, 14]","[2, 3, 4, 5, 6, 7, 10, 11, 13, 15, 16, 17]",0.6813333333333333
375,"[8, 9, 15]","[2, 3, 4, 5, 6, 7, 10, 11, 13, 14, 16, 17]",0.6791946308724832
376,"[8, 9, 16]","[2, 3, 4, 5, 6, 7, 10, 11, 13, 14, 15, 17]",0.7309236947791165
377,"[8, 9, 17]","[2, 3, 4, 5, 6, 7, 10, 11, 13, 14, 15, 16]",0.6583442838370565
378,"[8, 10, 11]","[2, 3, 4, 5, 6, 7, 9, 13, 14, 15, 16, 17]",0.7897648686030428
379,"[8, 10, 13]","[2, 3, 4, 5, 6, 7, 9, 11, 14, 15, 16, 17]",0.7545839210155149
380,"[8, 10, 14]","[2, 3, 4, 5, 6, 7, 9, 11, 13, 15, 16, 17]",0.7327001356852103
381,"[8, 10, 15]","[2, 3, 4, 5, 6, 7, 9, 11, 13, 14, 16, 17]",0.7609289617486339
382,"[8, 10, 16]","[2, 3, 4, 5, 6, 7, 9, 11, 13, 14, 15, 17]",0.7602179836512262
383,"[8, 10, 17]","[2, 3, 4, 5, 6, 7, 9, 11, 13, 14, 15, 16]",0.7473262032085561
384,"[8, 11, 13]","[2, 3, 4, 5, 6, 7, 9, 10, 14, 15, 16, 17]",0.7618384401114207
385,"[8, 11, 14]","[2, 3, 4, 5, 6, 7, 9, 10, 13, 15, 16, 17]",0.6983914209115282
386,"[8, 11, 15]","[2, 3, 4, 5, 6, 7, 9, 10, 13, 14, 16, 17]",0.7530364372469636
387,"[8, 11, 16]","[2, 3, 4, 5, 6, 7, 9, 10, 13, 14, 15, 17]",0.756393001345895
388,"[8, 11, 17]","[2, 3, 4, 5, 6, 7, 9, 10, 13, 14, 15, 16]",0.6869220607661823
389,"[8, 13, 14]","[2, 3, 4, 5, 6, 7, 9, 10, 11, 15, 16, 17]",0.7609289617486339
390,"[8, 13, 15]","[2, 3, 4, 5, 6, 7, 9, 10, 11, 14, 16, 17]",0.7001375515818432
391,"[8, 13, 16]","[2, 3, 4, 5, 6, 7, 9, 10, 11, 14, 15, 17]",0.7283950617283951
392,"[8, 13, 17]","[2, 3, 4, 5, 6, 7, 9, 10, 11, 14, 15, 16]",0.7429340511440108
393,"[8, 14, 15]","[2, 3, 4, 5, 6, 7, 9, 10, 11, 13, 16, 17]",0.7231788079470198
394,"[8, 14, 16]","[2, 3, 4, 5, 6, 7, 9, 10, 11, 13, 15, 17]",0.7384412153236459
395,"[8, 14, 17]","[2, 3, 4, 5, 6, 7, 9, 10, 11, 13, 15, 16]",0.6057068741893644
396,"[8, 15, 16]","[2, 3, 4, 5, 6, 7, 9, 10, 11, 13, 14, 17]",0.699468085106383
397,"[8, 15, 17]","[2, 3, 4, 5, 6, 7, 9, 10, 11, 13, 14, 16]",0.716710182767624
398,"[8, 16, 17]","[2, 3, 4, 5, 6, 7, 9, 10, 11, 13, 14, 15]",0.6419270833333334
399,"[9, 10, 11]","[2, 3, 4, 5, 6, 7, 8, 13, 14, 15, 16, 17]",0.6837725381414702
400,"[9, 10, 13]","[2, 3, 4, 5, 6, 7, 8, 11, 14, 15, 16, 17]",0.7142857142857143
401,"[9, 10, 14]","[2, 3, 4, 5, 6, 7, 8, 11, 13, 15, 16, 17]",0.689795918367347
402,"[9, 10, 15]","[2, 3, 4, 5, 6, 7, 8, 11, 13, 14, 16, 17]",0.7041095890410959
403,"[9, 10, 16]","[2, 3, 4, 5, 6, 7, 8, 11, 13, 14, 15, 17]",0.7117486338797814
404,"[9, 10, 17]","[2, 3, 4, 5, 6, 7, 8, 11, 13, 14, 15, 16]",0.6675603217158177
405,"[9, 11, 13]","[2, 3, 4, 5, 6, 7, 8, 10, 14, 15, 16, 17]",0.6927374301675978
406,"[9, 11, 14]","[2, 3, 4, 5, 6, 7, 8, 10, 13, 15, 16, 17]",0.6599462365591398
407,"[9, 11, 15]","[2, 3, 4, 5, 6, 7, 8, 10, 13, 14, 16, 17]",0.7050067658998647
408,"[9, 11, 16]","[2, 3, 4, 5, 6, 7, 8, 10, 13, 14, 15, 17]",0.7071524966261808
409,"[9, 11, 17]","[2, 3, 4, 5, 6, 7, 8, 10, 13, 14, 15, 16]",0.6596026490066225
410,"[9, 13, 14]","[2, 3, 4, 5, 6, 7, 8, 10, 11, 15, 16, 17]",0.6904109589041096
411,"[9, 13, 15]","[2, 3, 4, 5, 6, 7, 8, 10, 11, 14, 16, 17]",0.6868965517241379
412,"[9, 13, 16]","[2, 3, 4, 5, 6, 7, 8, 10, 11, 14, 15, 17]",0.71939477303989
413,"[9, 13, 17]","[2, 3, 4, 5, 6, 7, 8, 10, 11, 14, 15, 16]",0.6950067476383266
414,"[9, 14, 15]","[2, 3, 4, 5, 6, 7, 8, 10, 11, 13, 16, 17]",0.6573705179282868
415,"[9, 14, 16]","[2, 3, 4, 5, 6, 7, 8, 10, 11, 13, 15, 17]",0.6966887417218544
416,"[9, 14, 17]","[2, 3, 4, 5, 6, 7, 8, 10, 11, 13, 15, 16]",0.6657997399219766
417,"[9, 15, 16]","[2, 3, 4, 5, 6, 7, 8, 10, 11, 13, 14, 17]",0.68
418,"[9, 15, 17]","[2, 3, 4, 5, 6, 7, 8, 10, 11, 13, 14, 16]",0.6832460732984293
419,"[9, 16, 17]","[2, 3, 4, 5, 6, 7, 8, 10, 11, 13, 14, 15]",0.664490861618799
420,"[10, 11, 13]","[2, 3, 4, 5, 6, 7, 8, 9, 14, 15, 16, 17]",0.7553342816500711
421,"[10, 11, 14]","[2, 3, 4, 5, 6, 7, 8, 9, 13, 15, 16, 17]",0.7264021887824897
422,"[10, 11, 15]","[2, 3, 4, 5, 6, 7, 8, 9, 13, 14, 16, 17]",0.7465564738292011
423,"[10, 11, 16]","[2, 3, 4, 5, 6, 7, 8, 9, 13, 14, 15, 17]",0.7403846153846154
424,"[10, 11, 17]","[2, 3, 4, 5, 6, 7, 8, 9, 13, 14, 15, 16]",0.7331536388140162
425,"[10, 13, 14]","[2, 3, 4, 5, 6, 7, 8, 9, 11, 15, 16, 17]",0.7405857740585774
426,"[10, 13, 15]","[2, 3, 4, 5, 6, 7, 8, 9, 11, 14, 16, 17]",0.7134831460674157
427,"[10, 13, 16]","[2, 3, 4, 5, 6, 7, 8, 9, 11, 14, 15, 17]",0.7338935574229691
428,"[10, 13, 17]","[2, 3, 4, 5, 6, 7, 8, 9, 11, 14, 15, 16]",0.7362637362637363
429,"[10, 14, 15]","[2, 3, 4, 5, 6, 7, 8, 9, 11, 13, 16, 17]",0.7054054054054054
430,"[10, 14, 16]","[2, 3, 4, 5, 6, 7, 8, 9, 11, 13, 15, 17]",0.7345013477088949
431,"[10, 14, 17]","[2, 3, 4, 5, 6, 7, 8, 9, 11, 13, 15, 16]",0.7328042328042328
432,"[10, 15, 16]","[2, 3, 4, 5, 6, 7, 8, 9, 11, 13, 14, 17]",0.7069199457259159
433,"[10, 15, 17]","[2, 3, 4, 5, 6, 7, 8, 9, 11, 13, 14, 16]",0.725699067909454
434,"[10, 16, 17]","[2, 3, 4, 5, 6, 7, 8, 9, 11, 13, 14, 15]",0.7078353253652059
435,"[11, 13, 14]","[2, 3, 4, 5, 6, 7, 8, 9, 10, 15, 16, 17]",0.7258953168044077
436,"[11, 13, 15]","[2, 3, 4, 5, 6, 7, 8, 9, 10, 14, 16, 17]",0.7212205270457698
437,"[11, 13, 16]","[2, 3, 4, 5, 6, 7, 8, 9, 10, 14, 15, 17]",0.7206085753803596
438,"[11, 13, 17]","[2, 3, 4, 5, 6, 7, 8, 9, 10, 14, 15, 16]",0.7191316146540027
439,"[11, 14, 15]","[2, 3, 4, 5, 6, 7, 8, 9, 10, 13, 16, 17]",0.6889185580774366
440,"[11, 14, 16]","[2, 3, 4, 5, 6, 7, 8, 9, 10, 13, 15, 17]",0.7043941411451398
441,"[11, 14, 17]","[2, 3, 4, 5, 6, 7, 8, 9, 10, 13, 15, 16]",0.6222222222222222
442,"[11, 15, 16]","[2, 3, 4, 5, 6, 7, 8, 9, 10, 13, 14, 17]",0.7144772117962467
443,"[11, 15, 17]","[2, 3, 4, 5, 6, 7, 8, 9, 10, 13, 14, 16]",0.7013157894736842
444,"[11, 16, 17]","[2, 3, 4, 5, 6, 7, 8, 9, 10, 13, 14, 15]",0.7125984251968503
445,"[13, 14, 15]","[2, 3, 4, 5, 6, 7, 8, 9, 10, 11, 16, 17]",0.6857142857142857
446,"[13, 14, 16]","[2, 3, 4, 5, 6, 7, 8, 9, 10, 11, 15, 17]",0.6784260515603799
447,"[13, 14, 17]","[2, 3, 4, 5, 6, 7, 8, 9, 10, 11, 15, 16]",0.7003994673768309
448,"[13, 15, 16]","[2, 3, 4, 5, 6, 7, 8, 9, 10, 11, 14, 17]",0.6653005464480874
449,"[13, 15, 17]","[2, 3, 4, 5, 6, 7, 8, 9, 10, 11, 14, 16]",0.7010723860589813
450,"[13, 16, 17]","[2, 3, 4, 5, 6, 7, 8, 9, 10, 11, 14, 15]",0.7072192513368984
451,"[14, 15, 16]","[2, 3, 4, 5, 6, 7, 8, 9, 10, 11, 13, 17]",0.656578947368421
452,"[14, 15, 17]","[2, 3, 4, 5, 6, 7, 8, 9, 10, 11, 13, 16]",0.6563307493540051
453,"[14, 16, 17]","[2, 3, 4, 5, 6, 7, 8, 9, 10, 11, 13, 15]",0.6907216494845361
454,"[15, 16, 17]","[2, 3, 4, 5, 6, 7, 8, 9, 10, 11, 13, 14]",0.6342412451361867
